{"aapl": {"mean_revision_total_profit": -37.52999999999999, "mean_revision_returnrate": -22.70142753447858, "simple_moving_avg_total_profit": -11.78000000000003, "simple_moving_avg_returnrate": -6.569994422755175, "bolinger_band_total_profit": -8.120000000000005, "bolinger_band_returnrate": -4.528722810931402}, "bbby": {"mean_revision_total_profit": 3.6800000000000033, "mean_revision_returnrate": 21.50789012273526, "simple_moving_avg_total_profit": 0.7899999999999974, "simple_moving_avg_returnrate": 4.846625766871149, "bolinger_band_total_profit": 1.5599999999999987, "bolinger_band_returnrate": 9.570552147239257}, "goog": {"mean_revision_total_profit": -426.7900000000002, "mean_revision_returnrate": -20.631529079632422, "simple_moving_avg_total_profit": -20.840000000000146, "simple_moving_avg_returnrate": -0.7194219768915083, "bolinger_band_total_profit": -71.44000000000005, "bolinger_band_returnrate": -2.4238558443629423}, "adbe": {"mean_revision_total_profit": 72.59999999999991, "mean_revision_returnrate": 12.502367872703147, "simple_moving_avg_total_profit": 55.94999999999993, "simple_moving_avg_returnrate": 9.883587415428629, "bolinger_band_total_profit": -8.290000000000077, "bolinger_band_returnrate": -1.3151841099106938}, "car": {"mean_revision_total_profit": -44.78999999999999, "mean_revision_returnrate": -15.644428920712535, "simple_moving_avg_total_profit": 16.409999999999997, "simple_moving_avg_returnrate": 7.243114406779659, "bolinger_band_total_profit": 59.74000000000001, "bolinger_band_returnrate": 26.36829096045198}, "amc": {"mean_revision_total_profit": 2.990000000000002, "mean_revision_returnrate": 12.229038854805735, "simple_moving_avg_total_profit": -1.4200000000000017, "simple_moving_avg_returnrate": -5.17492711370263, "bolinger_band_total_profit": -1.860000000000003, "bolinger_band_returnrate": -6.778425655976688}, "cvx": {"mean_revision_total_profit": 9.080000000000013, "mean_revision_returnrate": 9.573010015814457, "simple_moving_avg_total_profit": -0.4399999999999977, "simple_moving_avg_returnrate": -0.3772290809327827, "bolinger_band_total_profit": -0.4399999999999977, "bolinger_band_returnrate": -0.3772290809327827}, "csco": {"mean_revision_total_profit": -16.33, "mean_revision_returnrate": -29.610154125113326, "simple_moving_avg_total_profit": 1.1100000000000065, "simple_moving_avg_returnrate": 1.9111570247933998, "bolinger_band_total_profit": 2.8900000000000077, "bolinger_band_returnrate": 5.091613812544058}, "bac": {"mean_revision_total_profit": 1.980000000000004, "mean_revision_returnrate": 4.589707927677339, "simple_moving_avg_total_profit": -1.0600000000000023, "simple_moving_avg_returnrate": -2.3555555555555605, "bolinger_band_total_profit": -1.1300000000000026, "bolinger_band_returnrate": -2.511111111111117}, "tsla": {"mean_revision_total_profit": 70.50999999999999, "mean_revision_returnrate": 6.68512320688707, "simple_moving_avg_total_profit": -16.050000000000068, "simple_moving_avg_returnrate": -1.6444840623367114, "bolinger_band_total_profit": 122.60000000000002, "bolinger_band_returnrate": 12.686127006136113}}